2024-07-29,1367,3,3,0,0,0
2024-07-29,128,0,0,1,0,0
2024-07-29,117,5,2,0,1,0
2024-07-29,207,2,3,0,1,0
2024-07-29,212,2,1,0,4,0
2024-07-29,133,1,6,0,1,1
2024-07-29,110,0,2,1,0,0
2024-07-29,28,0,1,0,0,0
2024-07-29,444,4,10,0,0,0
2024-07-29,1174,0,12,0,1,0
2024-07-29,119,0,1,0,0,0
2024-07-29,1568,1,0,0,1,0
2024-07-29,169,1,7,0,0,0
2024-07-28,143,0,0,0,1,0
2024-07-28,1467,0,16,0,1,0
2024-07-28,1467,0,16,0,1,0
2024-07-28,204,1,0,0,2,0
2024-07-28,241,3,16,1,0,2
2024-07-28,101,0,2,0,0,0
2024-07-28,223,1,0,0,0,0
2024-07-28,116,0,0,0,1,0
2024-07-28,202,0,1,1,0,0
2024-07-28,219,0,3,0,0,0
2024-07-28,186,2,2,0,1,0
2024-07-28,179,0,3,0,1,1
2024-07-28,228,0,5,1,1,0
2024-07-28,350,2,0,0,0,0
2024-07-28,1730,5,2,0,0,0
2024-07-28,204,6,11,1,0,0
2024-07-28,227,2,1,0,0,0
2024-07-28,673,2,1,0,1,0
2024-07-28,319,4,2,1,0,0
2024-07-28,651,5,3,0,1,0
2024-07-28,160,0,1,0,1,0
2024-07-28,73,1,5,0,1,0
2024-07-27,803,7,6,0,1,0
2024-07-27,1582,13,10,1,2,1
2024-07-27,234,1,6,1,0,1
2024-07-27,112,0,2,0,1,0
2024-07-27,1115,1,0,0,1,0
2024-07-27,255,0,7,1,0,1
2024-07-27,76,2,2,1,2,0
2024-07-27,547,0,8,1,0,0
2024-07-27,23,0,0,0,1,0
2024-07-27,99,0,5,0,1,1
2024-07-27,1518,18,5,0,1,2
2024-07-27,230,1,3,1,0,0
2024-07-27,1159,0,2,0,1,0
2024-07-27,182,1,4,0,1,0
2024-07-27,934,2,5,0,0,0
2024-07-27,467,5,7,2,2,1
2024-07-27,467,5,7,2,2,1
2024-07-27,1893,-11,6,0,0,0
2024-07-27,136,0,0,0,1,0
2024-07-27,782,7,9,0,1,0
2024-07-27,345,0,3,1,0,0
2024-07-27,695,1,10,1,2,4
2024-07-27,695,1,10,1,2,4
2024-07-27,1220,0,2,1,0,0
2024-07-27,352,3,13,0,0,0
2024-07-27,208,0,0,0,1,0
2024-07-27,252,2,5,1,0,0
2024-07-27,288,7,5,0,0,0
2024-07-27,2610,5,3,0,1,0
2024-07-27,285,6,4,0,1,0
2024-07-27,855,0,5,1,0,0
2024-07-27,240,1,4,0,1,0
2024-07-27,92,1,3,0,0,0
2024-07-27,752,0,13,0,0,0
2024-07-27,238,0,3,0,0,0
2024-07-27,123,0,0,1,0,0
2024-07-27,330,0,0,0,1,0
2024-07-27,137,0,2,0,0,0
2024-07-26,257,7,7,1,1,0
2024-07-26,697,0,3,0,1,0
2024-07-26,32,0,5,0,1,0
2024-07-26,201,1,7,1,0,0
2024-07-26,212,0,1,1,0,0
2024-07-26,256,1,1,0,1,0
2024-07-26,78,2,0,1,0,0
2024-07-26,105,3,0,0,1,0
2024-07-26,502,1,0,0,1,0
2024-07-26,316,2,0,0,1,0
2024-07-26,1140,0,2,1,0,1
2024-07-26,241,5,1,1,0,0
2024-07-26,213,0,4,0,0,0
2024-07-26,244,10,4,0,0,0
2024-07-26,653,2,1,0,0,0
2024-07-26,599,1,0,0,1,0
2024-07-26,881,5,3,1,0,0
2024-07-26,419,4,25,0,0,0
2024-07-26,393,0,1,1,0,0
2024-07-26,163,0,2,0,1,0
2024-07-26,932,4,4,1,0,0
2024-07-25,671,-20,7,1,1,0
2024-07-25,252,-33,6,1,0,0
2024-07-25,196,1,0,1,0,0
2024-07-25,64,1,0,1,0,0
2024-07-25,1318,1,8,1,0,1
2024-07-25,150,0,0,0,1,0
2024-07-25,329,0,3,1,1,0
2024-07-25,624,0,1,0,1,0
2024-07-25,62,0,1,0,1,0
2024-07-25,313,1,1,0,1,0
2024-07-25,1550,1,1,0,2,0
2024-07-25,55,0,0,1,0,0
2024-07-25,246,0,1,1,0,0
2024-07-25,337,0,5,0,1,0
2024-07-25,309,0,1,1,0,0
2024-07-25,645,1,6,1,0,0
2024-07-25,257,0,2,1,0,0
2024-07-25,541,3,0,0,1,0
2024-07-25,388,2,1,0,0,0
2024-07-25,201,1,6,0,0,0
2024-07-25,256,0,1,1,1,0
2024-07-25,847,3,4,0,1,0
2024-07-25,3544,1,6,1,2,0
2024-07-25,2111,0,9,1,1,1
2024-07-25,300,0,5,0,1,0
2024-07-25,1570,0,4,1,0,0
2024-07-25,1622,4,5,1,0,0
2024-07-25,1829,1,2,1,0,0
2024-07-25,218,1,0,0,0,0
2024-07-25,209,0,0,0,1,0
2024-07-25,2788,3,13,1,0,0
2024-07-25,220,0,1,0,1,0
2024-07-25,995,1,3,0,0,0
2024-07-25,212,0,3,0,1,0
2024-07-25,3386,5,16,0,0,0
2024-07-25,76,0,1,1,1,0
2024-07-25,255,2,6,0,0,0
2024-07-25,226,2,0,0,1,0
2024-07-25,2151,3,7,1,1,4
2024-07-25,265,5,18,0,0,0
2024-07-24,578,0,4,1,0,0
2024-07-24,205,1,0,0,0,0
2024-07-24,34,0,0,0,0,0
2024-07-24,361,1,0,0,1,0
2024-07-24,137,1,1,1,1,0
2024-07-24,605,2,2,0,1,0
2024-07-24,494,0,4,1,0,0
2024-07-24,755,0,5,0,1,0
2024-07-24,3254,8,8,0,1,0
2024-07-24,245,1,2,0,1,0
2024-07-24,1248,5,8,0,0,0
2024-07-24,216,3,10,0,0,0
2024-07-24,1186,1,2,0,1,0
2024-07-24,447,3,3,0,0,0
2024-07-24,329,6,6,1,3,3
2024-07-24,619,2,10,0,0,0
2024-07-24,217,1,3,1,0,0
2024-07-23,4555,19,7,0,0,0
2024-07-23,316,3,3,1,0,0
2024-07-23,189,2,4,0,0,0
2024-07-23,413,1,10,0,0,0
2024-07-23,413,1,10,0,0,0
2024-07-23,251,0,3,1,0,0
2024-07-23,54,0,6,0,0,0
2024-07-23,526,3,1,0,1,0
2024-07-23,220,0,1,1,1,0
2024-07-23,202,4,8,1,0,0
2024-07-23,233,3,5,0,0,0
2024-07-23,2958,14,31,0,1,0
2024-07-23,230,3,13,1,0,0
2024-07-23,191,2,6,0,1,2
2024-07-23,246,3,0,0,1,0
2024-07-23,210,3,15,0,0,0
2024-07-23,422,0,8,0,0,1
2024-07-23,846,1,13,0,0,1
2024-07-23,203,0,3,1,0,0
2024-07-23,1397,3,1,1,0,0
2024-07-23,783,1,16,0,1,0
2024-07-23,168,1,4,0,1,0
2024-07-22,203,0,0,0,1,0
2024-07-22,203,0,0,0,1,0
2024-07-22,32,0,2,1,0,0
2024-07-22,955,5,1,1,0,0
2024-07-22,9938,11,15,1,0,2
2024-07-22,3236,16,9,1,0,0
2024-07-22,27,0,0,0,0,0
2024-07-22,104,9,7,0,0,2
2024-07-22,377,0,6,1,1,0
2024-07-22,215,3,4,0,0,0
2024-07-22,203,2,14,0,1,0
2024-07-22,2011,11,27,0,0,0
2024-07-22,251,3,18,1,2,1
2024-07-22,251,3,18,1,2,1
2024-07-22,174,1,3,0,1,1
2024-07-22,96,4,3,1,1,1
2024-07-22,196,1,0,0,1,0
2024-07-22,235,5,8,1,1,3
2024-07-22,636,3,14,0,0,0
2024-07-22,483,6,3,0,1,0
2024-07-22,567,1,0,0,0,0
2024-07-22,744,2,8,0,0,0
2024-07-22,227,4,5,0,0,2
2024-07-21,1401,0,23,1,0,1
2024-07-21,97,2,10,0,1,0
2024-07-21,845,2,3,1,0,0
2024-07-21,260,2,2,0,1,0
2024-07-21,260,7,0,0,1,0
2024-07-21,206,1,4,0,1,0
2024-07-21,801,5,8,0,1,1
2024-07-21,220,-18,4,0,1,0
2024-07-21,6882,38,11,0,1,0
2024-07-21,5147,19,4,0,0,0
2024-07-21,212,2,10,0,1,1
2024-07-21,276,10,10,1,4,7
2024-07-21,149,1,3,0,0,0
2024-07-21,282,3,4,1,0,1
2024-07-21,231,0,3,0,1,0
2024-07-21,301,4,2,0,1,0
2024-07-21,1619,-10,5,0,0,0
2024-07-21,142,0,2,1,0,0
2024-07-21,797,3,10,0,2,1
2024-07-21,217,2,20,0,0,0
2024-07-20,590,0,2,1,0,0
2024-07-20,163,2,2,0,0,0
2024-07-20,201,1,2,0,1,0
2024-07-20,163,1,8,0,1,0
2024-07-20,631,1,2,0,1,0
2024-07-20,204,0,3,0,2,0
2024-07-20,649,4,6,1,0,0
2024-07-20,218,1,7,1,0,0
2024-07-20,223,0,10,0,1,0
2024-07-20,175,2,10,0,0,1
2024-07-20,699,3,10,0,0,0
2024-07-20,563,2,4,1,0,0
2024-07-20,212,0,19,0,0,0
2024-07-20,227,0,6,0,0,0
2024-07-20,2076,-22,3,0,1,0
2024-07-20,2794,-41,4,1,0,0
2024-07-20,223,0,0,0,1,0
2024-07-19,219,5,2,0,1,0
2024-07-19,3359,9,4,1,0,0
2024-07-19,667,2,6,0,1,0
2024-07-19,343,5,14,1,0,0
2024-07-19,662,1,5,1,0,0
2024-07-19,1072,4,17,1,2,8
2024-07-19,418,0,1,0,1,0
2024-07-19,146,2,0,0,0,0
2024-07-19,99,1,0,0,1,0
2024-07-19,872,0,24,0,1,0
2024-07-19,11585,68,31,1,0,1
2024-07-19,234,2,1,0,1,0
2024-07-19,227,0,0,1,0,0
2024-07-19,102,0,0,1,0,0
2024-07-19,354,3,2,0,1,0
2024-07-19,2802,1,4,0,0,0
2024-07-19,490,4,16,1,0,0
2024-07-19,608,0,1,0,1,0
2024-07-19,608,0,1,0,1,0
2024-07-18,205,0,1,0,0,0
2024-07-18,494,2,2,1,0,0
2024-07-18,272,0,2,1,0,0
2024-07-18,249,0,1,1,1,0
2024-07-18,1221,1,8,0,1,1
2024-07-18,222,0,3,0,1,0
2024-07-18,238,6,9,0,1,0
2024-07-18,46,0,0,0,1,0
2024-07-18,5762,17,8,0,1,0
2024-07-18,134,0,0,1,1,0
2024-07-18,3971,5,3,0,1,0
2024-07-18,53,0,1,0,0,0
2024-07-18,170,4,0,0,1,0
2024-07-18,108,0,2,1,1,0
2024-07-18,1623,3,1,0,1,0
2024-07-18,3617,5,5,0,1,0
2024-07-18,498,3,5,0,1,0
2024-07-18,110,0,4,0,0,0
2024-07-18,224,3,11,0,1,1
2024-07-18,224,3,11,0,1,1
2024-07-18,172,0,9,0,0,0
2024-07-18,835,3,13,0,1,0
2024-07-18,213,0,0,1,0,0
2024-07-18,205,0,1,1,0,0
2024-07-18,967,5,8,0,1,0
2024-07-18,65,0,0,0,1,0
2024-07-18,624,0,2,0,1,0
2024-07-18,21,0,0,0,1,0
2024-07-18,233,0,10,1,0,0
2024-07-18,533,2,2,0,0,0
2024-07-17,233,6,18,0,0,0
2024-07-17,596,1,4,0,1,0
2024-07-17,730,1,11,1,0,1
2024-07-17,384,1,15,1,0,1
2024-07-17,611,2,7,0,1,0
2024-07-17,100,0,0,0,1,0
2024-07-17,116,2,8,0,1,2
2024-07-17,220,1,9,0,1,6
2024-07-17,999,5,7,0,1,1
2024-07-17,1425,4,4,0,0,0
2024-07-17,1509,7,19,0,1,1
2024-07-17,198,3,4,0,1,0
2024-07-17,154,1,1,1,0,0
2024-07-17,2019,1,8,0,0,0
2024-07-17,224,23,20,0,0,0
2024-07-17,1100,-51,16,0,1,1
2024-07-17,212,1,2,0,1,0
2024-07-17,1979,7,4,0,0,0
2024-07-17,2112,-13,0,1,0,0
2024-07-17,642,0,0,1,0,0
2024-07-17,1754,-19,13,1,0,0
2024-07-16,91,0,0,0,0,0
2024-07-16,58,0,2,0,1,0
2024-07-16,196,1,0,0,1,0
2024-07-16,220,2,13,0,1,0
2024-07-16,232,4,6,0,2,0
2024-07-16,2180,4,8,1,1,0
2024-07-16,218,4,11,0,1,0
2024-07-16,233,3,4,0,3,1
2024-07-16,460,19,14,0,1,0
2024-07-16,643,3,12,0,0,0
2024-07-16,91,1,1,0,1,0
2024-07-16,58,2,4,0,1,0
2024-07-16,3176,23,2,0,2,0
2024-07-16,947,4,10,1,1,1
2024-07-16,1062,0,7,1,0,0
2024-07-16,1125,6,11,0,1,0
2024-07-16,112,0,0,1,0,0
2024-07-16,1270,6,6,1,0,0
2024-07-16,58,3,2,1,0,0
2024-07-16,46,0,0,0,1,0
2024-07-16,492,2,12,1,0,0
2024-07-16,240,3,3,0,1,0
2024-07-16,228,7,12,0,1,0
2024-07-16,231,0,1,0,1,0
2024-07-16,53,2,1,1,0,0
2024-07-16,257,1,6,0,3,0
2024-07-16,52,0,0,0,1,0
2024-07-16,97,1,0,1,0,0
2024-07-16,204,2,3,1,0,1
2024-07-16,378,2,11,1,0,0
2024-07-16,24,3,5,0,1,1
2024-07-16,24,3,5,0,1,1
2024-07-16,8540,34,10,0,0,0
2024-07-16,207,3,3,1,0,0
2024-07-16,189,2,3,0,0,0
2024-07-16,215,3,6,0,0,0
2024-07-16,203,1,2,0,0,0
2024-07-16,181,5,4,1,0,0
2024-07-16,77,2,3,0,1,0
2024-07-16,682,8,11,1,0,0
2024-07-16,113,4,1,0,1,0
2024-07-16,104,4,0,0,1,0
2024-07-16,105,3,1,1,0,0
2024-07-16,51,3,1,1,1,0
2024-07-16,7634,58,34,1,0,5
2024-07-16,134,5,3,1,0,0
2024-07-16,191,1,3,0,1,1
2024-07-16,143,3,0,0,0,0
2024-07-16,263,0,0,0,0,0
2024-07-16,1360,2,5,0,0,0
2024-07-16,801,0,6,0,0,0
2024-07-16,332,2,5,0,1,0
2024-07-16,970,5,10,1,0,5
2024-07-15,45,0,0,0,1,0
2024-07-15,227,0,2,0,0,0
2024-07-15,139,1,2,0,1,0
2024-07-15,103,4,2,0,1,0
2024-07-15,103,4,2,0,1,0
2024-07-15,594,6,16,1,1,0
2024-07-15,1497,-42,1,0,1,0
2024-07-15,262,0,1,0,1,0
2024-07-15,605,0,6,1,0,0
2024-07-15,133,1,2,0,2,0
2024-07-15,229,1,11,2,0,4
2024-07-15,236,1,9,0,0,0
2024-07-15,142,0,0,0,0,0
2024-07-15,688,1,12,0,1,1
2024-07-15,191,0,5,0,1,0
2024-07-15,488,3,9,0,1,1
2024-07-15,250,4,2,0,1,0
2024-07-15,228,3,0,1,0,0
2024-07-15,683,2,3,0,0,0
2024-07-15,52,0,0,0,1,0
2024-07-15,158,4,2,0,1,0
2024-07-15,821,3,2,0,1,0
2024-07-15,91873,235,123,1,0,2
2024-07-15,251,1,2,0,0,0
2024-07-15,154,0,0,0,0,0
2024-07-14,2371,-53,11,1,0,0
2024-07-14,1917,0,4,1,0,0
2024-07-14,1980,4,8,1,1,0
2024-07-14,654,3,1,0,1,0
2024-07-14,27,0,0,1,0,0
2024-07-14,241,0,4,1,0,0
2024-07-14,241,0,4,1,0,0
2024-07-14,912,0,4,1,1,0
2024-07-14,1244,1,2,0,1,0
2024-07-14,846,-6,1,0,5,0
2024-07-14,1384,3,10,0,1,1
2024-07-14,415,2,0,0,1,0
2024-07-14,69,0,0,0,1,0
2024-07-14,40,1,1,0,1,0
2024-07-14,77,1,0,0,1,0
2024-07-14,215,0,3,0,1,0
2024-07-13,53,0,0,1,0,0
2024-07-13,701,1,1,0,1,0
2024-07-13,397,0,11,0,1,0
2024-07-13,635,0,0,0,0,0
2024-07-13,263,0,4,0,1,0
2024-07-13,121,0,4,0,0,0
2024-07-13,500,0,4,1,0,0
2024-07-13,102,0,4,0,0,0
2024-07-13,355,0,5,0,0,1
2024-07-13,1828,0,7,1,0,0
2024-07-13,250,2,2,0,1,1
2024-07-13,244,1,0,0,1,0
2024-07-13,501,5,5,0,1,0
2024-07-13,224,1,2,0,1,0
2024-07-13,126,2,3,0,1,0
2024-07-13,389,3,0,1,0,0
2024-07-13,380,0,1,0,1,0
2024-07-13,736,-51,11,0,1,0
2024-07-13,4189,20,19,0,0,0
2024-07-13,255,0,6,0,0,0
2024-07-13,1119,0,2,1,1,0
2024-07-13,6315,20,7,0,0,0
2024-07-13,909,0,6,0,0,2
2024-07-13,235,4,7,0,1,0
2024-07-13,326,3,3,0,1,0
2024-07-13,249,2,0,1,0,0
2024-07-13,1409,1,3,1,0,0
2024-07-13,207,0,0,1,0,0
2024-07-13,2083,1,6,1,0,0
2024-07-13,179,5,2,0,3,0
2024-07-13,281,2,1,0,0,0
2024-07-13,615,0,3,1,0,3
2024-07-13,216,2,0,0,0,0
2024-07-13,460,3,1,0,1,0
2024-07-13,209,3,0,1,0,0
2024-07-13,68,0,0,0,1,0
2024-07-13,240,66,77,0,1,0
2024-07-12,954,0,7,0,1,1
2024-07-12,236,0,14,0,0,0
2024-07-12,235,2,24,0,0,1
2024-07-12,216,3,1,0,1,0
2024-07-12,1751,9,14,0,1,0
2024-07-12,189,1,1,0,1,0
2024-07-12,119,2,0,0,1,0
2024-07-12,1697,9,11,0,1,0
2024-07-12,470,2,2,0,1,0
2024-07-12,23,2,0,1,1,0
2024-07-12,23,2,0,1,1,0
2024-07-12,554,0,6,1,0,0
2024-07-12,691,11,5,0,1,2
2024-07-12,1189,2,4,0,2,0
2024-07-12,1811,5,5,0,0,0
2024-07-12,216,4,10,0,1,0
2024-07-12,1386,5,11,1,0,0
2024-07-12,220,0,0,0,4,0
2024-07-12,1025,5,10,0,1,0
2024-07-12,202,1,2,0,2,1
2024-07-12,233,0,0,0,2,0
2024-07-12,209,1,4,0,1,0
2024-07-12,2034,4,13,0,1,2
2024-07-12,128,0,0,0,1,0
2024-07-12,128,0,0,0,1,0
2024-07-12,533,0,7,0,0,0
2024-07-12,69,0,0,1,0,0
2024-07-12,79,1,0,1,0,0
2024-07-12,202,1,0,0,1,0
2024-07-12,207,0,1,0,1,0
2024-07-12,1195,4,2,0,2,0
2024-07-12,156,0,0,0,1,0
2024-07-12,271,5,5,0,1,0
2024-07-12,235,0,0,0,1,0
2024-07-12,202,2,10,0,1,0
2024-07-12,577,0,1,1,1,0
2024-07-12,1241,1,17,0,0,1
2024-07-12,227,0,2,1,0,0
2024-07-12,248,1,29,0,1,6
2024-07-12,562,6,2,0,1,0
2024-07-12,778,1,5,1,0,0
2024-07-11,265,3,4,0,1,1
2024-07-11,1030,16,15,0,2,0
2024-07-11,203,1,2,1,0,0
2024-07-11,251,0,0,0,1,0
2024-07-11,256,0,1,1,0,0
2024-07-11,251,0,1,1,0,0
2024-07-11,267,0,6,1,1,2
2024-07-11,1450,-20,7,0,1,0
2024-07-11,262,0,6,1,0,0
2024-07-11,58,0,0,1,0,0
2024-07-11,26,0,0,0,1,0
2024-07-11,458,2,6,1,0,1
2024-07-11,447,5,13,0,1,0
2024-07-11,131,0,0,1,0,0
2024-07-11,1548,1,11,0,1,0
2024-07-11,285,0,12,1,0,0
2024-07-11,2542,5,6,1,1,0
2024-07-11,230,0,1,1,1,0
2024-07-11,224,0,2,0,0,0
2024-07-11,548,4,6,0,1,2
2024-07-11,225,2,1,0,1,0
2024-07-11,1897,2,0,0,4,0
2024-07-11,1897,2,0,0,4,0
2024-07-11,1197,6,23,0,1,3
2024-07-11,1856,5,7,0,2,2
2024-07-11,1856,5,7,0,2,2
2024-07-11,1986,4,17,0,0,0
2024-07-11,1614,0,7,0,1,0
2024-07-11,657,0,4,0,1,1
2024-07-11,2680,-64,13,0,1,2
2024-07-11,365,0,14,1,0,1
2024-07-11,749,0,4,0,0,0
2024-07-11,229,0,8,0,1,0
2024-07-11,177,3,1,0,1,0
2024-07-11,3589,0,9,1,0,0
2024-07-11,3231,-4,15,1,0,1
2024-07-11,452,2,5,0,0,0
2024-07-11,21,0,0,0,1,0
2024-07-11,998,0,8,0,0,0
2024-07-11,1186,0,4,0,0,0
2024-07-11,213,0,1,1,0,0
2024-07-11,242,2,0,0,1,0
2024-07-11,225,0,1,0,0,1
2024-07-11,415,2,7,0,1,4
2024-07-11,214,1,5,0,0,0
2024-07-11,412,0,1,0,0,0
2024-07-11,552,7,1,0,1,2
2024-07-11,4599,5,12,1,0,2
2024-07-11,210,2,0,0,1,0
2024-07-11,2227,0,13,0,0,3
2024-07-11,240,7,7,1,1,1
2024-07-11,209,0,0,1,0,0
2024-07-11,204,0,2,1,0,0
2024-07-11,99,1,0,0,0,0
2024-07-11,492,2,1,0,1,0
2024-07-11,1074,1,2,1,0,0
2024-07-11,242,7,9,0,1,0
2024-07-11,223,0,4,0,1,0
2024-07-10,216,0,2,0,0,0
2024-07-10,539,0,12,0,0,1
2024-07-10,502,0,7,0,0,0
2024-07-10,1474,-51,30,0,2,0
2024-07-10,896,-25,10,1,0,0
2024-07-10,82,0,2,0,2,0
2024-07-10,234,3,2,0,0,0
2024-07-10,340,2,2,0,0,1
2024-07-09,147,2,3,0,0,0
2024-07-09,240,1,5,0,0,0
2024-07-09,265,0,3,0,0,0
2024-07-09,229,1,3,0,0,1
2024-07-09,116,0,0,1,1,0
2024-07-09,262,0,0,0,0,0
2024-07-09,56,1,0,0,0,0
2024-07-09,134,2,2,0,0,0
2024-07-08,114,0,2,0,0,0
2024-07-08,1834,3,16,0,0,0
2024-07-08,238,3,10,0,0,0
2024-07-08,357,1,6,0,0,0
2024-07-08,1330,1,4,0,0,0
2024-07-08,485,0,4,0,0,0
2024-07-08,266,-3,0,0,1,0
2024-07-08,573,5,5,0,0,0
2024-07-07,217,-8,7,0,1,0
2024-07-07,172,1,0,0,0,0
2024-07-07,228,5,6,0,0,0
2024-07-07,210,0,10,1,2,1
2024-07-07,553,5,2,0,0,0
2024-07-07,262,3,2,0,9,0
2024-07-07,1033,0,6,0,1,0
2024-07-07,449,2,1,1,0,0
2024-07-07,144,0,0,0,0,0
2024-07-07,169,1,2,0,0,0
2024-07-07,8619,9,18,0,1,0
2024-07-07,1139,0,5,0,1,0
2024-07-06,519,2,1,1,0,0
2024-07-06,410,2,1,0,0,0
2024-07-06,69,1,0,0,0,0
2024-07-06,732,-39,7,0,0,0
2024-07-06,1725,1,6,0,0,0
2024-07-06,11636,28,32,0,0,0
2024-07-06,202,1,4,0,0,0
2024-07-06,419,1,0,0,0,0
2024-07-06,1614,-14,1,0,0,0
2024-07-06,1623,0,5,0,0,0
2024-07-06,398,3,6,0,0,0
2024-07-05,774,3,2,0,0,0
2024-07-05,167,0,1,0,0,0
2024-07-05,46,1,0,0,0,0
2024-07-05,1984,5,10,0,0,0
2024-07-05,545,2,14,0,0,0
2024-07-05,2715,1,5,0,0,0
2024-07-05,1065,1,12,0,0,0
2024-07-05,1201,1,31,2,0,5
2024-07-05,267,0,0,1,3,0
2024-07-04,1445,7,3,0,2,0
2024-07-04,2528,-59,13,0,0,0
2024-07-04,170,0,4,0,0,0
2024-07-04,465,3,3,0,0,0
2024-07-04,2640,1,13,0,3,7
2024-07-04,87,4,0,1,1,0
2024-07-04,1271,27,18,1,7,6
2024-07-04,233,-6,23,1,1,8
2024-07-04,459,1,0,0,0,0
2024-07-04,844,-18,11,1,2,1
2024-07-04,979,1,2,1,0,0
2024-07-04,689,1,10,0,0,0
2024-07-04,246,1,3,0,2,1
2024-07-04,253,1,0,0,0,0
2024-07-04,226,-9,21,0,0,1
2024-07-04,2036,0,8,0,0,1
2024-07-04,645,6,2,0,0,0
2024-07-03,243,2,11,1,1,0
2024-07-03,224,3,5,0,0,0
2024-07-03,196,3,3,0,2,0
2024-07-03,898,10,3,0,0,0
2024-07-03,3604,0,5,0,1,0
2024-07-03,7597,16,2,0,0,0
2024-07-03,127,0,2,0,0,0
2024-07-02,1767,1,1,0,1,0
2024-07-02,928,4,9,0,0,0
2024-07-02,258,1,1,0,1,0
2024-07-02,201,2,4,0,0,0
2024-07-02,1603,-3,12,1,0,1
2024-07-02,615,1,4,0,0,0
2024-07-02,629,2,8,0,0,0
2024-07-02,212,1,0,0,0,0
2024-07-02,1127,4,13,0,1,3
2024-07-02,1459,-44,35,0,1,5
2024-07-02,242,0,2,0,0,0
2024-07-02,230,3,2,0,0,0
2024-07-02,1244,0,4,0,0,0
2024-07-02,1337,0,12,0,0,0
2024-07-01,83,4,2,0,0,0
2024-07-01,153,0,0,1,0,0
2024-07-01,51,1,0,0,0,0
2024-07-01,423,1,9,0,0,4
2024-07-01,550,-17,8,0,1,1
2024-07-01,65,0,0,0,0,0
2024-07-01,82,0,0,0,0,0
2024-07-01,596,3,4,0,1,0
2024-07-01,225,0,6,0,0,0
2024-07-01,917,9,13,0,0,0
2024-07-01,86,2,0,0,1,0
2024-07-01,227,1,3,0,1,0
2024-07-01,1800,0,5,0,0,1
2024-07-01,165,0,0,0,1,0
2024-07-01,235,2,0,0,0,0
2024-07-01,49,0,0,0,0,0
2024-07-01,715,0,2,0,0,0
2024-07-01,70,0,0,0,0,0
2024-07-01,349,0,5,0,1,2
2024-07-01,109,1,0,0,2,0
2024-07-01,109,1,0,0,2,0
2024-07-01,564,0,0,0,0,0
2024-07-01,333,1,1,0,1,0
2024-06-30,232,2,0,0,0,0
2024-06-30,211,3,2,0,8,0
2024-06-30,654,0,2,0,0,0
2024-06-30,516,8,12,0,0,0
2024-06-30,203,4,10,0,0,0
2024-06-30,181,3,8,0,0,0
2024-06-30,226,2,5,0,0,0
2024-06-30,307,6,13,0,0,1
2024-06-30,454,3,2,0,0,0
2024-06-30,673,7,23,0,0,1
2024-06-30,1076,4,6,0,0,0
2024-06-30,145,0,0,0,0,0
2024-06-29,158,0,0,0,0,0
2024-06-29,1164,1,3,1,0,3
2024-06-29,237,0,0,0,0,0
2024-06-29,1665,-32,8,0,0,0
2024-06-29,725,0,3,0,0,0
2024-06-29,832,0,12,0,1,0
2024-06-29,340,1,1,1,0,0
2024-06-29,76,0,0,0,1,0
2024-06-29,1354,1,7,0,1,2
2024-06-29,948,0,6,0,0,0
2024-06-28,206,0,3,0,0,0
2024-06-28,210,1,13,0,0,1
2024-06-28,171,0,1,0,0,0
2024-06-28,1037,4,2,0,0,0
2024-06-28,866,0,8,0,0,1
2024-06-28,227,1,3,0,0,0
2024-06-28,203,1,7,0,0,1
2024-06-28,951,2,5,0,0,0
2024-06-27,61,1,0,0,0,0
2024-06-27,2028,-4,6,0,1,0
2024-06-27,238,0,0,0,0,0
2024-06-27,826,0,4,0,0,0
2024-06-27,623,5,3,0,0,0
2024-06-27,149,0,0,1,1,0
2024-06-27,201,0,1,1,0,0
2024-06-27,223,3,1,0,0,0
2024-06-27,206,1,0,0,0,0
2024-06-27,255,1,0,0,0,0
2024-06-27,1704,0,3,0,0,0
2024-06-27,3951,-1,3,0,0,0
2024-06-27,265,0,0,0,0,0
2024-06-27,107,1,0,0,0,0
2024-06-27,502,4,2,0,1,0
2024-06-27,274,3,2,0,0,0
2024-06-27,135,2,1,0,1,0
2024-06-27,21,1,0,0,0,0
2024-06-27,790,0,0,0,0,0
2024-06-27,206,7,1,0,0,0
2024-06-26,127,1,0,0,0,0
2024-06-26,65,3,1,0,0,0
2024-06-26,120,0,2,0,0,0
2024-06-26,1142,1,4,0,0,0
2024-06-26,563,1,7,1,1,1
2024-06-26,563,1,7,1,1,1
2024-06-26,230,1,2,1,8,3
2024-06-26,995,3,0,0,0,0
2024-06-26,709,4,2,0,0,1
2024-06-26,382,2,0,0,0,0
2024-06-26,1023,9,7,0,0,0
2024-06-25,176,5,1,0,3,0
2024-06-25,228,0,1,0,0,0
2024-06-25,1903,2,11,0,0,6
2024-06-25,269,8,4,0,0,1
2024-06-25,622,9,11,0,0,0
2024-06-25,310,0,15,0,0,0
2024-06-25,219,2,9,0,0,0
2024-06-25,1194,2,27,1,0,6
2024-06-25,1209,2,4,0,0,0
2024-06-25,2040,0,3,0,0,0
2024-06-24,255,1,2,1,2,2
2024-06-24,155,1,3,0,0,0
2024-06-24,71,0,0,0,0,0
2024-06-24,893,3,4,0,0,0
2024-06-24,2670,20,18,0,1,0
2024-06-24,2670,20,18,0,1,0
2024-06-23,741,6,9,1,1,0
2024-06-23,213,5,0,0,0,0
2024-06-23,104,6,12,0,0,0
2024-06-23,130,0,1,0,0,0
2024-06-23,1610,0,2,0,0,0
2024-06-23,151,0,4,0,1,0
2024-06-23,729,0,0,0,0,0
2024-06-23,1429,4,17,0,0,0
2024-06-23,280,0,6,0,1,0
2024-06-23,1316,2,10,0,0,0
2024-06-23,64,0,0,1,0,0
2024-06-23,35,1,0,0,0,0
2024-06-22,223,1,0,1,1,0
2024-06-22,9577,63,33,0,0,4
2024-06-22,120,1,1,0,0,0
2024-06-22,202,1,10,0,0,0
2024-06-21,220,4,2,1,0,0
2024-06-21,230,7,8,0,0,0
2024-06-21,454,12,37,0,0,0
2024-06-21,692,1,4,0,0,1
2024-06-21,205,9,8,1,5,2
2024-06-21,247,8,5,1,2,1
2024-06-21,240,5,5,1,0,1
2024-06-21,271,2,5,0,1,0
2024-06-21,1187,2,17,1,0,3
2024-06-21,1223,7,12,0,1,2
2024-06-21,223,1,3,0,0,0
2024-06-21,201,5,2,0,0,0
2024-06-21,994,4,4,2,0,1
2024-06-21,214,3,11,0,0,0
2024-06-21,106,1,0,1,0,0
2024-06-21,10940,22,7,0,1,1
2024-06-21,248,7,15,0,3,3
2024-06-20,205,1,14,0,2,4
2024-06-20,367,1,19,0,0,0
2024-06-20,223,3,2,0,0,0
2024-06-20,1928,4,0,0,0,0
2024-06-20,170,4,2,0,2,1
2024-06-20,196,0,0,0,1,0
2024-06-20,69,0,0,0,2,0
2024-06-20,12771,56,14,0,3,0
2024-06-20,87,0,1,0,0,0
2024-06-20,226,1,0,0,0,0
2024-06-20,107,1,0,0,1,0
2024-06-20,249,3,11,0,0,0
2024-06-20,803,1,0,0,0,0
2024-06-20,1562,2,7,1,2,3
2024-06-20,248,5,2,0,1,0
2024-06-20,1293,7,8,0,1,0
2024-06-20,223,0,0,0,0,0
2024-06-20,50,0,0,0,1,0
2024-06-20,224,2,4,0,1,2
2024-06-20,531,5,7,0,0,0
2024-06-20,483,2,1,0,4,0
2024-06-20,21,0,0,0,1,0
2024-06-20,243,3,7,0,0,0
2024-06-20,236,0,13,1,0,0
2024-06-20,180,2,0,0,0,0
2024-06-19,212,0,0,0,0,0
2024-06-19,650,4,13,0,2,5
2024-06-19,157,11,8,0,0,1
2024-06-19,1552,8,15,0,0,0
2024-06-19,235,3,1,0,0,0
2024-06-19,531,4,1,0,1,0
2024-06-19,246,4,1,0,0,0
2024-06-18,217,1,2,0,0,0
2024-06-18,1081,1,9,0,0,0
2024-06-18,1589,3,16,0,0,0
2024-06-18,235,3,7,0,0,1
2024-06-18,193,2,6,0,0,0
2024-06-18,6550,24,14,0,0,0
2024-06-18,253,1,1,0,1,0
2024-06-18,294,1,2,0,0,0
2024-06-18,1186,0,2,0,0,0
2024-06-18,522,3,0,0,0,0
2024-06-18,175,2,3,0,0,1
2024-06-17,308,3,4,0,0,0
2024-06-17,161,0,2,0,0,0
2024-06-17,240,0,3,0,0,0
2024-06-17,59,0,0,1,0,0
2024-06-17,9281,23,41,0,0,0
2024-06-17,306,2,0,0,0,0
2024-06-17,227,1,5,0,1,0
2024-06-16,244,1,10,0,0,1
2024-06-16,42,0,2,0,0,0
2024-06-15,222,3,7,0,0,0
2024-06-15,370,7,2,0,0,0
2024-06-15,1105,7,5,0,1,0
2024-06-15,207,0,2,1,0,0
2024-06-14,1525,-11,3,0,0,0
2024-06-14,199,1,1,0,0,0
2024-06-14,22,1,0,0,0,0
2024-06-14,1299,2,8,0,0,0
2024-06-14,269,0,7,0,1,0
2024-06-14,1423,24,30,0,1,0
2024-06-14,212,3,12,1,7,5
2024-06-14,214,0,8,0,1,0
2024-06-14,387,1,4,0,0,0
2024-06-13,951,3,6,0,2,0
2024-06-13,160,0,1,0,0,0
2024-06-13,115,1,0,0,0,0
2024-06-13,1624,10,4,0,0,0
2024-06-13,9853,23,40,1,0,2
2024-06-13,2283,4,7,1,0,0
2024-06-13,451,1,5,0,0,0
2024-06-13,1542,2,2,0,0,0
2024-06-13,588,5,5,0,0,0
2024-06-12,2139,-32,7,0,0,0
2024-06-12,339,0,4,0,1,0
2024-06-12,267,8,0,0,0,0
2024-06-12,3938,-63,10,0,0,0
2024-06-12,503,2,0,0,0,0
2024-06-11,921,3,3,0,1,0
2024-06-11,372,2,1,0,0,0
2024-06-11,122,0,3,0,0,0
2024-06-11,224,2,5,0,1,0
2024-06-11,224,2,5,0,1,0
2024-06-11,530,1,4,0,0,0
2024-06-11,646,6,18,1,1,0
2024-06-11,450,5,4,0,1,0
2024-06-11,218,2,9,1,1,0
2024-06-11,232,1,1,0,1,0
2024-06-11,222,2,4,0,0,0
2024-06-11,150,4,0,0,0,0
2024-06-10,331,6,3,0,0,1
2024-06-10,24,1,0,0,1,0
2024-06-10,227,0,1,0,0,0
2024-06-10,2201,7,4,0,2,0
2024-06-10,10031,67,61,0,0,0
2024-06-10,740,-11,3,0,0,0
2024-06-09,262,0,4,0,0,0
2024-06-09,347,0,0,0,0,0
2024-06-09,176,5,9,0,0,0
2024-06-09,411,2,0,0,0,0
2024-06-09,217,1,6,0,0,0
2024-06-09,224,4,0,0,0,0
2024-06-09,437,4,2,0,0,0
2024-06-09,325,4,15,0,0,0
2024-06-08,44,0,0,0,0,0
2024-06-08,265,0,9,0,0,0
2024-06-08,12768,66,29,0,0,0
2024-06-08,1242,0,6,0,1,0
2024-06-07,1142,1,1,0,0,0
2024-06-07,247,4,1,0,0,0
2024-06-07,138,2,1,0,0,0
2024-06-07,7748,23,28,0,0,0
2024-06-07,937,-16,7,1,0,0
2024-06-07,202,2,3,0,0,0
2024-06-06,243,4,6,0,0,3
2024-06-06,1152,7,7,0,0,0
2024-06-06,2035,8,5,0,0,0
2024-06-06,183,2,3,0,0,0
2024-06-06,511,2,8,0,2,0
2024-06-06,260,5,9,0,2,0
2024-06-06,218,1,28,0,1,4
2024-06-06,9708,94,13,0,0,0
2024-06-06,550,-40,9,0,0,0
2024-06-06,263,6,13,0,0,0
2024-06-06,1231,8,1,0,0,0
2024-06-06,374,3,5,0,1,0
2024-06-06,143,0,1,0,0,0
2024-06-05,200,1,0,0,0,0
2024-06-05,12095,137,54,0,0,0
2024-06-05,176,0,2,0,0,0
2024-06-05,2237,-3,4,0,0,0
2024-06-05,608,4,4,0,0,0
2024-06-05,727,1,3,0,0,0
2024-06-05,327,1,2,1,0,0
2024-06-05,1197,2,18,0,0,0
2024-06-05,320,5,3,0,0,0
2024-06-05,203,4,0,1,0,0
2024-06-05,1565,1,0,0,0,0
2024-06-05,185,0,0,0,0,0
2024-06-05,211,3,6,0,0,0
2024-06-05,224,-6,10,0,0,0
2024-06-04,268,0,2,0,0,0
2024-06-04,1788,1,0,0,0,0
2024-06-04,2718,0,4,0,0,0
2024-06-04,1025,-9,19,0,0,0
2024-06-04,159,0,0,0,0,0
2024-06-04,532,-44,33,0,1,2
2024-06-04,251,1,0,0,0,0
2024-06-04,81,1,0,0,0,0
2024-06-04,572,2,4,0,1,1
2024-06-04,987,1,8,0,0,1
2024-06-04,177,1,0,0,0,0
2024-06-03,213,1,4,0,1,2
2024-06-03,213,1,4,0,1,2
2024-06-03,135,0,4,0,1,0
2024-06-03,256,0,2,0,0,0
2024-06-03,40,0,0,0,0,0
2024-06-03,94,1,0,0,0,0
2024-06-03,1459,3,6,0,4,3
2024-06-03,906,5,5,0,0,0
2024-06-02,565,1,0,0,1,0
2024-06-02,211,3,4,1,1,0
2024-06-02,1839,1,5,0,1,0
2024-06-01,106,1,0,0,0,0
2024-06-01,93,0,0,0,0,0
2024-06-01,609,3,1,0,0,0
2024-06-01,1228,0,0,0,1,0
2024-06-01,1765,0,1,0,0,0
2024-06-01,1039,0,9,0,0,0
2024-06-01,237,2,0,0,1,0
2024-06-01,374,0,5,0,0,0
2024-06-01,217,2,6,0,0,0
2024-06-01,1171,6,4,0,2,1
2024-06-01,2459,-66,12,0,1,0
2024-06-01,6657,7,5,0,0,0
2024-06-01,365,2,2,0,0,0
2024-06-01,350,0,4,0,0,0
2024-06-01,1303,5,5,0,0,0
2024-06-01,462,1,5,0,0,0
2024-06-01,3985,2,4,1,0,0
2024-06-01,1410,0,0,1,0,0
2024-06-01,226,0,0,0,0,0
2024-06-01,981,1,3,0,1,0
2024-05-31,40,0,2,0,0,0
2024-05-31,241,1,13,0,0,0
2024-05-31,78,2,0,0,1,0
2024-05-31,2281,1,8,0,0,0
2024-05-31,1175,2,1,1,0,0
2024-05-31,842,2,2,0,0,0
2024-05-31,235,6,2,0,2,2
2024-05-30,591,0,1,0,0,0
2024-05-30,1008,3,16,0,0,0
2024-05-30,1273,8,4,0,1,1
2024-05-30,436,2,5,0,1,1
2024-05-30,208,2,3,0,0,0
2024-05-29,652,1,5,0,0,0
2024-05-29,210,3,2,0,1,0
2024-05-29,150,5,6,0,0,0
2024-05-29,1943,2,11,0,0,0
2024-05-29,207,7,1,0,0,0
2024-05-29,1564,3,3,0,0,0
2024-05-29,794,7,16,1,0,0
2024-05-29,180,0,6,0,0,0
2024-05-29,1458,0,4,0,1,0
2024-05-28,226,1,5,1,1,0
2024-05-28,178,0,0,0,0,0
2024-05-28,641,0,7,1,0,0
2024-05-28,196,3,6,0,0,0
2024-05-27,212,1,2,0,0,0
2024-05-27,1867,4,0,0,0,0
2024-05-27,417,0,2,0,0,0
2024-05-26,1717,1,4,0,0,0
2024-05-24,1015,11,18,0,0,0
2024-05-24,803,0,1,0,0,0
2024-05-24,860,0,4,0,1,0
2024-05-24,904,5,5,0,0,0
2024-05-23,1355,1,3,0,0,0
2024-05-23,1792,2,8,0,0,0
2024-05-23,2537,1,12,0,0,0
2024-05-22,907,2,3,0,0,0
2024-05-21,316,0,2,0,0,0
2024-05-21,1199,3,18,0,0,0
2024-05-20,255,5,3,0,0,1
2024-05-19,1985,0,9,0,0,0
2024-05-18,231,0,6,0,0,0
2024-05-17,692,3,2,0,0,0
2024-05-16,205,0,0,0,0,0
2024-05-16,453,5,2,0,0,0
2024-05-16,911,1,2,0,0,0
2024-05-14,185,2,5,0,0,0
2024-05-14,681,2,3,1,0,0
2024-05-14,1474,4,4,0,0,0
2024-05-12,209,0,1,1,2,1
2024-05-12,853,2,13,0,0,0
2024-05-11,254,1,2,0,0,0
2024-05-10,645,1,5,0,0,1
2024-05-09,95186,157,40,0,0,0
2024-05-09,557,7,5,0,0,0
2024-05-09,936,1,2,0,0,0
2024-05-08,144,0,1,0,0,0
2024-05-06,225,2,2,0,0,0
2024-05-06,65,4,1,0,0,0
2024-05-06,423,1,1,0,0,0
2024-05-06,188,2,1,0,0,0
2024-05-05,215,1,2,0,0,0
2024-05-05,250,0,4,0,0,0
2024-05-05,452,1,3,0,0,0
2024-05-05,110,2,0,0,0,0
2024-05-04,262,0,7,0,0,0
2024-05-03,1940,4,4,0,0,0
2024-05-03,2622,5,2,0,0,0
2024-05-02,1221,1,8,0,0,0
2024-05-02,1061,1,3,0,0,0
2024-05-02,92,0,4,0,0,0
2024-04-30,208,2,3,0,0,0
2024-04-30,118,2,0,0,0,0
2024-04-30,130,1,0,0,0,0
2024-04-30,189,2,5,0,0,0
2024-04-28,746,5,8,0,0,0
2024-04-27,591,1,4,0,0,0
2024-04-26,153,0,1,0,0,0
2024-04-25,720,1,4,0,0,0
2024-04-25,762,0,5,0,0,0
2024-04-25,237,0,3,0,0,1
2024-04-24,920,0,9,0,0,0
2024-04-24,96,2,0,0,0,0
2024-04-23,211,5,2,0,0,0
2024-04-22,330,7,14,0,0,0
2024-04-21,456,1,8,0,0,0
2024-04-20,150,3,10,0,0,0
2024-04-19,212,3,1,0,0,0
2024-04-19,22,0,0,0,0,0
2024-04-18,211,2,0,0,1,0
2024-04-18,412,1,2,0,0,0
2024-04-18,161,1,0,0,0,0
2024-04-16,206,9,6,0,0,1
2024-04-16,72,0,7,0,1,2
2024-04-16,1756,2,3,0,0,0
2024-04-15,6532,0,60,0,0,0
2024-04-14,632,2,1,0,0,0
2024-04-14,236,-6,4,0,1,1
2024-04-14,130,1,2,0,0,0
2024-04-12,177,1,0,0,0,0
2024-04-11,253,3,0,0,0,0
2024-04-10,241,0,0,0,0,0
2024-04-10,902,1,2,0,0,0
2024-04-10,1294,5,2,0,0,0
2024-04-10,213,3,2,0,0,0
2024-04-10,737,0,0,0,0,0
2024-04-10,102,0,0,0,0,0
2024-04-09,478,3,0,0,0,0
2024-04-08,124,0,0,0,0,0
2024-04-08,183,4,2,0,0,0
2024-04-08,1025,1,2,0,0,0
2024-04-08,164,2,7,0,0,0
2024-04-08,1076,2,15,0,0,0
2024-04-05,605,0,0,0,0,0
2024-04-05,137,1,0,0,0,0
2024-04-04,439,2,5,0,0,0
2024-04-04,216,1,1,0,0,0
2024-04-03,271,2,2,0,0,0
2024-04-03,322,7,4,0,0,0
2024-04-03,644,4,6,0,0,0
2024-04-02,238,2,4,0,0,0
2024-04-01,1673,5,6,0,0,0
2024-04-01,1862,0,13,0,0,0
2024-04-01,567,7,9,0,0,0
2024-04-01,990,-4,8,0,0,0
2024-04-01,201,3,7,0,0,0
2024-04-01,315,1,1,0,0,0
2024-03-30,218,3,1,0,0,0
2024-03-29,169,0,2,0,0,0
2024-03-29,231,0,8,0,0,0
2024-03-28,237,5,7,0,0,0
2024-03-28,219,5,4,0,0,0
2024-03-28,435,3,6,0,0,0
2024-03-28,222,2,2,0,0,0
2024-03-28,231,0,3,0,0,0
2024-03-28,627,3,12,0,0,0
2024-03-27,415,0,2,0,0,0
2024-03-27,123,1,1,0,0,0
2024-03-27,245,1,0,0,0,0
2024-03-26,2354,12,9,0,0,0
2024-03-26,5175,41,45,0,0,2
2024-03-26,1407,2,14,0,0,0
2024-03-26,71,0,0,0,0,0
2024-03-25,9115,23,8,0,0,0
2024-03-25,217,5,11,0,0,0
2024-03-24,253,3,5,0,0,0
2024-03-24,2314,7,12,0,0,0
2024-03-24,1171,7,12,0,1,0
2024-03-24,822,2,5,0,0,0
2024-03-23,237,7,6,0,0,0
2024-03-23,354,-25,9,0,0,0
2024-03-22,210,0,0,0,0,0
2024-03-22,828,6,6,0,0,0
2024-03-22,226,2,2,1,0,0
2024-03-22,144,3,2,0,0,0
2024-03-22,926,0,3,2,0,1
2024-03-22,204,0,1,1,0,0
2024-03-22,204,3,7,0,0,0
2024-03-20,6891,2,1,0,0,0
2024-03-19,313,3,2,0,0,0
2024-03-19,322,17,6,0,0,0
2024-03-19,245,1,1,0,0,0
2024-03-17,142,0,7,0,0,0
2024-03-17,142,0,7,0,0,0
2024-03-17,575,0,0,0,0,0
2024-03-17,15746,60,106,0,0,0
2024-03-16,423,-21,4,0,0,0
2024-03-16,258,2,2,0,0,0
2024-03-16,199,0,0,0,0,0
2024-03-15,256,4,3,0,0,0
2024-03-14,117,1,0,0,0,0
2024-03-14,836,2,4,0,0,0
2024-03-14,716,10,5,0,0,0
2024-03-13,1350,1,7,0,0,0
2024-03-12,37,0,2,0,0,0
2024-03-12,37,0,2,0,0,0
2024-03-12,233,3,4,0,0,0
2024-03-11,209,2,0,0,0,0
2024-03-11,244,25,25,0,0,0
2024-03-11,467,2,8,0,0,0
2024-03-10,679,0,0,0,0,0
2024-03-09,633,1,1,1,0,0
2024-03-08,1952,2,8,0,0,0
2024-03-08,257,-37,0,0,0,0
2024-03-08,691,1,1,0,0,0
2024-03-07,209,0,4,0,0,0
2024-03-07,379,3,14,0,0,0
2024-03-07,246,3,1,0,0,0
2024-03-07,354,0,2,0,0,0
2024-03-07,25,1,0,0,0,0
2024-03-07,428,1,7,0,0,0
2024-03-07,258,0,1,0,0,0
2024-03-06,257,2,9,0,0,0
2024-03-06,1923,11,40,0,0,2
2024-03-05,202,4,8,0,0,0
2024-03-04,249,7,6,0,0,0
2024-03-04,537,5,1,0,0,0
2024-03-03,211,6,5,0,0,0
2024-03-03,1205,3,2,0,0,0
2024-03-03,274,0,0,0,0,0
2024-03-01,134,3,2,0,0,0
2024-03-01,507,1,2,0,0,0
2024-03-01,229,1,1,0,0,0
2024-03-01,240,0,2,0,1,0
2024-03-01,75,0,0,1,0,0
2024-02-29,216,0,1,0,0,0
2024-02-29,670,2,8,1,0,0
2024-02-29,508,2,3,0,0,0
2024-02-29,390,9,9,0,0,0
2024-02-29,190,1,2,0,1,1
2024-02-29,443,0,12,0,1,0
2024-02-28,245,3,1,0,0,0
2024-02-27,237,0,4,0,0,0
2024-02-27,145,1,2,0,0,0
2024-02-26,1718,8,6,0,0,0
2024-02-26,620,9,17,0,0,0
2024-02-26,277,6,9,0,0,0
2024-02-26,350,1,8,0,0,0
2024-02-25,396,16,18,0,0,0
2024-02-25,341,1,1,0,0,0
2024-02-24,217,0,2,0,0,0
2024-02-24,732,3,4,1,0,0
2024-02-24,1408,0,3,0,0,0
2024-02-23,926,3,10,0,0,0
2024-02-23,251,3,2,0,0,0
2024-02-23,81,1,0,0,0,0
2024-02-23,227,0,4,0,0,0
2024-02-23,227,0,4,0,0,0
2024-02-23,672,2,2,0,0,0
2024-02-23,672,2,2,0,0,0
2024-02-22,574,1,6,0,0,0
2024-02-22,2239,6,8,0,0,1
2024-02-22,2293,7,14,0,0,0
2024-02-22,2293,7,14,0,0,0
2024-02-21,105,0,0,0,0,0
2024-02-21,210,7,33,0,0,0
2024-02-21,210,7,33,0,0,0
2024-02-21,126,0,4,0,0,0
2024-02-21,132,1,0,0,0,0
2024-02-20,2846,10,5,0,0,0
2024-02-19,1059,2,5,0,0,0
2024-02-18,635,2,13,0,0,0
2024-02-18,789,43,43,0,0,0
2024-02-18,208,5,1,0,0,0
2024-02-18,617,1,2,0,0,0
2024-02-18,530,3,4,0,0,0
2024-02-17,10760,53,74,0,1,2
2024-02-17,8657,22,12,0,1,1
2024-02-17,208,3,0,0,0,0
2024-02-16,355,3,6,0,0,0
2024-02-16,265,2,3,0,0,0
2024-02-16,197,0,0,0,2,0
2024-02-15,1955,0,1,0,0,0
2024-02-15,528,0,3,0,0,0
2024-02-15,3364,0,0,0,0,0
2024-02-14,203,3,4,0,0,0
2024-02-14,249,2,2,0,0,0
2024-02-14,213,0,2,0,0,0
2024-02-13,1916,2,7,0,0,0
2024-02-13,207,2,0,0,0,0
2024-02-12,244,28,27,0,0,0
2024-02-12,341,7,7,0,0,0
2024-02-12,221,5,0,0,0,0
2024-02-11,682,4,2,0,0,0
2024-02-10,1815,0,2,0,0,0
2024-02-10,1659,4,7,0,0,0
2024-02-10,204,0,0,0,0,0
2024-02-10,217,-31,2,0,0,0
2024-02-09,7067,32,26,0,0,0
2024-02-09,1517,3,13,1,0,0
2024-02-09,868,29,49,0,0,0
2024-02-09,239,3,12,0,0,0
2024-02-09,219,0,2,0,0,0
2024-02-09,383,0,4,0,1,0
2024-02-09,741,1,1,0,0,0
2024-02-09,194,1,0,0,0,0
2024-02-08,461,1,6,0,0,0
2024-02-08,123,1,2,0,0,0
2024-02-08,591,0,0,0,1,0
2024-02-08,437,7,7,0,0,0
2024-02-08,202,1,0,0,0,0
2024-02-08,226,2,2,0,0,0
2024-02-08,242,2,13,0,0,0
2024-02-07,207,4,4,0,0,0
2024-02-06,128,2,0,0,0,0
2024-02-06,242,6,7,0,0,0
2024-02-06,360,1,2,0,0,0
2024-02-06,623,5,0,0,0,0
2024-02-06,145,0,0,0,3,0
2024-02-04,188,2,5,0,0,0
2024-02-04,206,5,9,0,0,0
2024-02-03,2549,1,6,0,0,0
2024-02-03,183,4,6,0,0,0
2024-02-02,223,1,3,0,0,0
2024-02-02,228,3,7,0,0,1
2024-02-02,216,0,2,0,0,0
2024-02-02,1169,4,5,0,0,0
2024-02-01,63,0,0,1,0,0
2024-02-01,360,2,2,0,0,0
2024-02-01,611,0,2,0,0,0
2024-02-01,1320,1,5,0,0,0
2024-02-01,114,0,0,0,0,0
2024-02-01,2091,-8,6,0,0,0
2024-01-31,378,6,4,0,0,0
2024-01-31,210,1,0,0,0,0
2024-01-31,226,2,4,0,0,0
2024-01-30,293,0,1,0,0,0
2024-01-30,203,1,4,0,0,1
2024-01-30,202,2,3,0,0,0
2024-01-30,184,2,8,0,0,0
2024-01-30,1098,1,1,0,0,0
2024-01-29,260,1,2,0,0,0
2024-01-28,1547,-20,5,0,0,0
2024-01-28,240,3,1,0,0,0
2024-01-28,231,1,4,0,0,0
2024-01-27,494,4,1,0,0,0
2024-01-26,1005,13,10,0,0,0
2024-01-26,313,3,4,0,0,0
2024-01-26,2013,-16,6,0,0,0
2024-01-26,205,10,12,0,0,0
2024-01-25,850,6,5,1,1,1
2024-01-25,850,6,5,1,1,1
2024-01-25,216,1,2,0,0,0
2024-01-25,229,0,4,0,0,0
2024-01-25,70,0,0,0,0,0
2024-01-25,349,8,1,0,0,0
2024-01-25,205,1,1,0,0,0
2024-01-25,369,1,4,0,0,0
2024-01-24,238,4,4,0,0,1
2024-01-23,316,0,8,0,0,0
2024-01-23,194,0,1,0,0,0
2024-01-23,211,2,0,0,0,0
2024-01-22,1881,7,4,0,0,0
2024-01-22,895,2,2,0,0,0
2024-01-21,1259,3,3,0,0,0
2024-01-21,707,6,5,0,0,0
2024-01-20,506,2,2,0,0,0
2024-01-20,172,1,4,0,0,0
2024-01-20,199,2,1,0,0,0
2024-01-19,801,24,23,0,0,0
2024-01-19,1213,0,3,0,1,0
2024-01-18,501,2,8,0,0,0
2024-01-18,250,26,56,0,0,0
2024-01-18,215,2,8,0,0,0
2024-01-18,990,0,2,0,0,0
2024-01-18,62,2,0,0,0,0
2024-01-17,53,1,0,0,0,0
2024-01-16,253,2,6,0,0,0
2024-01-16,368,21,15,0,0,0
2024-01-16,224,5,3,0,0,0
2024-01-15,1250,3,13,0,0,0
2024-01-15,248,1,2,0,0,0
2024-01-14,246,0,1,0,0,0
2024-01-14,625,6,8,0,0,0
2024-01-14,53904,162,64,0,0,0
2024-01-13,802,10,7,0,0,0
2024-01-13,257,2,2,0,0,0
2024-01-13,22,0,0,0,0,0
2024-01-13,170,3,0,0,0,0
2024-01-12,561,5,6,0,0,0
2024-01-12,607,2,1,0,0,0
2024-01-12,808,2,11,0,0,5
2024-01-11,145,0,0,0,0,0
2024-01-10,374,1,7,0,0,0
2024-01-10,134,2,0,0,0,0
2024-01-09,585,2,2,0,0,0
2024-01-09,985,11,2,0,0,0
2024-01-08,203,2,6,0,0,0
2024-01-08,504,3,8,0,0,0
2024-01-08,104,8,13,0,0,0
2024-01-08,100,4,4,0,0,0
2024-01-08,1236,1,2,0,0,0
2024-01-07,215,0,0,0,0,0
2024-01-07,254,2,8,0,0,0
2024-01-07,1118,2,6,0,0,1
2024-01-06,493,3,11,0,0,2
2024-01-06,125,0,8,0,0,0
2024-01-06,393,4,22,0,0,0
2024-01-06,98,1,0,0,0,0
2024-01-06,519,2,5,0,0,0
2024-01-06,238,0,1,0,0,0
2024-01-05,220,2,10,0,0,0
2024-01-04,199,1,1,0,0,0
2024-01-04,258,1,2,0,0,0
2024-01-03,248,13,15,0,0,0
2024-01-03,1969,2,0,0,0,0
2024-01-03,459,2,2,0,0,0
2024-01-03,206,2,1,0,0,0
2024-01-03,390,3,5,0,0,1
2024-01-03,63,1,0,0,0,0
2024-01-03,90,0,1,0,0,0
2024-01-02,204,0,5,0,0,0
2024-01-02,212,2,16,0,0,0
2024-01-02,21569,38,53,0,0,0
2024-01-02,167,0,0,0,0,0
2024-01-02,221,2,4,0,0,2
2024-01-02,230,1,3,0,0,0
2024-01-02,990,3,12,0,0,0
2024-01-02,253,3,1,0,0,0
2024-01-02,153,1,0,0,0,0
2024-01-01,190,2,2,0,0,0
2024-01-01,150,1,0,0,0,0
2024-01-01,373,4,6,0,0,0
2024-01-01,300,3,9,0,0,0
2024-01-01,2402,3,2,1,0,0
2024-01-01,260,1,5,0,0,0
2024-01-01,91,2,1,0,0,0
2024-01-01,254,6,9,0,0,0
2024-01-01,358,12,20,0,0,0
2023-12-31,318,2,6,0,0,0
2023-12-31,131,2,2,0,0,0
2023-12-31,72,3,0,0,0,0
2023-12-31,409,2,7,0,0,0
2023-12-30,990,2,1,0,0,0
2023-12-30,60,2,0,0,0,0
2023-12-30,230,2,1,0,0,0
2023-12-29,6683,28,22,0,1,2
2023-12-29,293,2,3,1,0,1
2023-12-29,231,7,2,0,0,0
2023-12-29,2006,7,11,0,0,0
2023-12-28,473,4,1,0,0,0
2023-12-28,243,5,9,0,0,0
2023-12-28,270,2,3,0,0,1
2023-12-27,247,2,0,0,2,0
2023-12-27,187,2,2,0,0,0
2023-12-27,214,5,5,0,0,2
2023-12-26,205,1,2,0,0,0
2023-12-25,800,2,4,0,0,0
2023-12-25,273,1,4,0,0,0
2023-12-22,239,2,7,0,0,0
2023-12-22,122,2,1,0,0,0
2023-12-22,590,1,4,0,0,0
2023-12-22,274,0,1,1,1,0
2023-12-21,1210,14,12,0,0,0
2023-12-21,819,4,4,0,0,0
2023-12-21,756,4,5,0,0,0
2023-12-21,1239,6,9,0,0,1
2023-12-21,203,2,2,0,0,0
2023-12-21,166,1,4,0,0,0
2023-12-21,479,2,3,0,0,0
2023-12-21,4921,6,4,0,1,0
2023-12-20,258,14,21,0,0,0
2023-12-20,258,14,21,0,0,0
2023-12-20,218,5,12,0,0,0
2023-12-20,944,13,5,0,0,0
2023-12-20,105,3,0,0,0,0
2023-12-20,251,3,3,0,0,0
2023-12-20,117,1,0,0,0,0
2023-12-19,246,3,8,0,1,0
2023-12-19,9968,54,20,0,0,5
2023-12-19,193,1,0,0,0,0
2023-12-18,250,15,11,0,0,0
2023-12-18,250,15,11,0,0,0
2023-12-18,1563,-26,2,0,0,0
2023-12-18,493,5,5,0,0,0
2023-12-17,490,12,4,0,0,0
2023-12-17,234,39,27,0,0,0
2023-12-17,220,6,8,0,0,0
2023-12-16,251,0,7,0,0,0
2023-12-16,214,5,22,0,0,0
2023-12-16,803,4,1,0,0,0
2023-12-16,112,30,35,0,0,0
2023-12-15,484,4,0,0,0,0
2023-12-15,239,0,4,0,1,0
2023-12-15,239,0,4,0,1,0
2023-12-15,202,3,5,0,0,0
2023-12-15,1036,0,0,0,0,0
2023-12-14,196,2,4,0,0,1
2023-12-14,221,2,3,0,0,1
2023-12-14,257,3,7,1,2,1
2023-12-14,1168,6,0,0,0,0
2023-12-13,368,2,4,0,0,0
2023-12-13,186,2,4,0,0,0
2023-12-11,203,26,23,0,0,0
2023-12-11,216,2,1,0,0,0
2023-12-11,243,3,4,0,0,0
2023-12-11,218,4,4,0,0,0
2023-12-11,1555,4,5,0,0,0
2023-12-11,244,7,7,0,0,0
2023-12-10,105694,416,180,0,0,2
2023-12-10,82,0,0,0,0,0
2023-12-09,255,3,7,0,0,0
2023-12-08,295,6,1,0,1,0
2023-12-08,437,5,15,0,0,0
2023-12-08,57,0,0,0,0,0
2023-12-08,1037,5,4,0,0,0
2023-12-07,1067,6,2,0,0,0
2023-12-07,576,4,4,0,1,0
2023-12-07,100,0,0,0,0,0
2023-12-06,228,3,2,0,0,0
2023-12-06,211,3,4,1,0,0
2023-12-05,166,2,2,0,0,0
2023-12-05,682,1,2,0,0,0
2023-12-05,675,2,3,0,0,0
2023-12-05,2215,3,7,0,0,0
2023-12-04,780,2,20,0,0,0
2023-12-04,57,4,0,0,0,0
2023-12-04,224,34,34,0,0,0
2023-12-04,66,8,3,0,0,0
2023-12-03,205,6,5,0,0,0
2023-12-03,437,7,15,0,0,0
2023-12-03,345,2,0,0,0,0
2023-12-03,1564,10,12,0,0,0
2023-12-03,255,3,4,0,0,0
2023-12-03,232,0,3,0,0,0
2023-12-03,204,0,0,0,0,0
2023-12-03,169,0,0,0,0,0
2023-12-02,222,0,6,0,0,0
2023-12-01,551,3,4,0,0,0
2023-12-01,250,2,9,0,0,0
2023-12-01,27,1,0,0,0,0
2023-12-01,93,2,0,0,1,0
2023-12-01,229,0,0,0,0,0
2023-12-01,294,1,0,0,0,0
2023-11-30,107,1,0,0,0,0
2023-11-30,215,0,0,0,0,0
2023-11-29,2355,-10,13,0,0,2
2023-11-29,35,1,0,0,0,0
2023-11-28,222,0,0,0,0,0
2023-11-28,835,0,11,0,0,1
2023-11-27,155,1,0,0,0,0
2023-11-27,779,2,3,0,0,0
2023-11-27,239,0,4,0,0,0
2023-11-27,211,2,4,0,0,0
2023-11-27,211,2,4,0,0,0
2023-11-26,230,24,15,0,0,0
2023-11-26,209,2,1,0,0,0
2023-11-26,2056,3,8,0,0,0
2023-11-26,322,1,0,0,0,0
2023-11-25,250,2,4,0,0,0
2023-11-25,1778,4,15,0,0,0
2023-11-24,201,2,2,0,0,0
2023-11-24,289,7,2,0,0,0
2023-11-24,1104,5,5,0,0,0
2023-11-23,623,2,3,0,0,0
2023-11-22,150,3,2,0,0,0
2023-11-22,54,2,5,0,0,0
2023-11-22,751,7,19,0,0,0
2023-11-22,250,6,7,0,0,0
2023-11-21,842,4,3,0,0,0
2023-11-21,842,4,3,0,0,0
2023-11-21,1521,3,5,0,0,0
2023-11-21,321,3,3,0,0,0
2023-11-20,225,2,8,1,3,1
2023-11-20,225,2,8,1,3,1
2023-11-20,164,19,46,0,0,0
2023-11-20,214,2,3,0,0,0
2023-11-20,116,0,0,0,0,0
2023-11-20,1560,2,2,0,0,0
2023-11-20,1560,2,2,0,0,0
2023-11-19,255,2,2,0,0,0
2023-11-19,255,2,2,0,0,0
2023-11-19,195,1,0,0,0,0
2023-11-19,194,2,3,0,0,0
2023-11-19,63,0,0,0,0,0
2023-11-19,232,0,1,0,0,0
2023-11-19,235,3,0,0,1,0
2023-11-18,21,2,0,0,0,0
2023-11-18,1054,3,4,0,0,0
2023-11-18,261,3,2,0,0,0
2023-11-18,123,0,4,0,0,0
2023-11-18,469,4,7,0,0,0
2023-11-18,213,-17,17,0,0,1
2023-11-18,1532,7,10,0,0,0
2023-11-18,603,0,5,0,0,0
2023-11-18,225,1,0,0,0,0
2023-11-18,140,1,0,0,1,0
2023-11-18,1030,5,3,0,0,0
2023-11-18,437,1,4,0,0,0
2023-11-18,60,0,0,0,0,0
2023-11-18,88,1,4,0,0,0
2023-11-18,234,2,2,0,1,0
2023-11-18,206,3,4,0,0,0
2023-11-18,579,3,4,0,0,0
2023-11-18,140,0,0,0,0,0
2023-11-18,627,2,20,0,0,2
2023-11-18,205745,621,429,0,3,3
2023-11-18,23,0,0,0,0,0
2023-11-18,248,5,4,0,1,0
2023-11-18,626,1,1,0,0,0
2023-11-18,203,0,5,0,0,4
2023-11-18,233,0,0,0,0,0
2023-11-18,146,1,1,0,0,0
2023-11-18,250,2,5,1,2,0
2023-11-18,166,1,0,0,0,0
2023-11-18,218,0,2,0,0,0
2023-11-17,64,0,2,0,0,0
2023-11-17,217,4,3,0,0,0
2023-11-17,2158,2,6,0,1,1
2023-11-16,2687,1,3,0,0,0
2023-11-16,1313,0,6,0,0,0
2023-11-16,209,2,0,0,0,0
2023-11-15,171,1,0,0,0,0
2023-11-15,252,0,3,0,0,0
2023-11-14,300,4,0,0,0,0
2023-11-14,218,0,0,0,0,0
2023-11-14,228,5,4,0,0,0
2023-11-12,873,3,2,0,0,0
2023-11-10,787,3,4,0,0,0
2023-11-10,1288,2,0,0,0,0
2023-11-09,138,0,2,0,0,1
2023-11-09,1614,11,14,1,1,5
2023-11-07,161,1,1,0,1,0
2023-11-07,735,4,2,0,0,0
2023-11-07,1020,5,14,0,0,0
2023-11-07,429,4,2,0,0,0
2023-11-07,215,1,2,0,0,0
2023-11-06,618,4,15,0,0,0
2023-11-05,24,1,1,0,0,0
2023-11-05,235,5,1,0,0,0
2023-11-05,2229,2,6,0,0,0
2023-11-04,159,2,5,0,0,0
2023-11-04,2336,3,8,0,0,0
2023-11-04,212,2,3,0,0,0
2023-11-04,1659,4,1,0,0,0
2023-11-03,209,0,1,0,0,0
2023-11-03,201,0,0,0,0,0
2023-11-03,202,0,0,0,0,0
2023-11-03,122,0,0,0,0,0
2023-11-03,511,0,2,0,0,1
2023-11-02,182,0,0,0,0,0
2023-11-02,491,3,2,0,0,0
2023-11-02,1100,3,5,0,0,0
2023-11-02,614,3,6,0,0,0
2023-11-02,1006,49,52,0,0,0
2023-11-02,168,10,1,0,0,0
2023-11-01,197,4,4,0,0,0
2023-11-01,252,3,10,0,0,0
2023-11-01,48,0,0,0,0,0
2023-11-01,221,0,0,0,0,0
2023-11-01,193,0,0,0,0,0
2023-10-31,622,0,4,0,0,0
2023-10-31,316,0,6,0,0,0
2023-10-30,2077,1,0,0,0,0
2023-10-30,475,1,15,0,0,1
2023-10-29,436,1,2,0,0,0
2023-10-29,191,4,3,0,0,0
2023-10-28,229,5,8,0,0,0
2023-10-28,258,4,0,0,0,0
2023-10-28,250,1,1,1,1,0
2023-10-28,1806,7,6,0,0,0
2023-10-28,249,5,4,0,0,1
2023-10-28,204,0,0,0,0,0
2023-10-28,1006,9,3,0,0,0
2023-10-28,5413,3,0,0,0,0
2023-10-28,5564,7,0,0,0,0
2023-10-27,117,0,0,0,0,0
2023-10-27,75,0,1,0,0,0
2023-10-27,182,2,4,0,0,0
2023-10-27,205,4,3,0,0,0
2023-10-26,460,1,3,1,0,0
2023-10-26,180,1,7,0,0,0
2023-10-26,158,0,0,0,0,0
2023-10-26,206,0,1,0,0,0
2023-10-26,1194,2,2,0,0,0
2023-10-25,162,3,5,0,0,0
2023-10-25,211,2,1,0,0,0
2023-10-25,1365,5,2,0,0,0
2023-10-25,208,3,0,0,0,0
2023-10-24,229,0,2,0,0,0
2023-10-24,66,0,0,0,0,0
2023-10-23,1132,4,6,0,0,0
2023-10-23,236,2,2,0,0,0
2023-10-23,332,7,8,0,0,0
2023-10-22,1294,8,9,0,0,0
2023-10-22,236,3,6,0,0,0
2023-10-21,159,0,0,0,0,0
2023-10-20,638,20,17,0,0,0
2023-10-20,233,8,23,0,0,0
2023-10-20,256,6,16,0,0,0
2023-10-20,2372,11,2,0,5,0
2023-10-19,1761,4,1,0,0,0
2023-10-18,587,1,4,0,0,0
2023-10-18,3955,7,12,0,0,0
2023-10-18,255,0,1,0,0,0
2023-10-18,595,4,5,0,0,0
2023-10-17,33,0,0,0,0,0
2023-10-17,202,1,6,0,0,1
2023-10-16,1233,1,5,0,0,0
2023-10-16,1404,2,0,0,0,0
2023-10-16,222,-13,7,0,0,0
2023-10-15,1556,3,4,0,0,0
2023-10-15,216,2,0,0,0,0
2023-10-15,236,2,3,0,0,0
2023-10-14,1156,2,7,0,0,1
2023-10-13,177,-13,9,0,0,0
2023-10-13,217,0,1,0,0,0
2023-10-13,350,2,9,0,0,0
2023-10-12,443,1,3,0,0,0
2023-10-12,214,1,0,0,0,0
2023-10-11,73,0,0,0,0,0
2023-10-10,146,1,2,0,0,0
2023-10-10,861,3,9,0,0,0
2023-10-10,861,3,9,0,0,0
2023-10-10,1067,3,10,0,0,0
2023-10-09,204,2,0,0,0,0
2023-10-09,533,2,2,0,0,0
2023-10-09,209,1,2,0,0,0
2023-10-09,119,3,1,0,0,0
2023-10-09,239,5,5,0,0,0
2023-10-09,1666,3,3,0,0,0
2023-10-08,669,1,0,0,0,0
2023-10-08,376,3,15,0,0,2
2023-10-08,1513,21,17,0,0,0
2023-10-07,231,0,0,0,0,0
2023-10-07,223,2,7,0,0,0
2023-10-06,197,1,2,0,0,0
2023-10-06,65,0,0,0,0,0
2023-10-05,377,6,34,0,0,1
2023-10-05,1132,1,4,0,0,0
2023-10-05,781,34,79,0,0,0
2023-10-05,142,3,6,0,0,0
2023-10-03,1068,1,5,0,0,0
2023-10-03,904,4,6,0,0,0
2023-10-03,165,3,4,0,0,0
2023-10-02,2327,6,0,0,0,0
2023-10-02,117,1,1,0,0,0
2023-10-02,441,2,3,0,0,0
2023-10-02,1255,0,6,0,0,0
2023-10-02,232,8,6,0,0,0
2023-10-02,220,1,3,0,0,0
2023-10-02,1487,1,1,0,0,0
2023-10-01,95,0,0,0,0,0
2023-10-01,69,0,0,0,0,0
2023-10-01,387,3,7,0,0,1
2023-10-01,159,4,15,0,0,0
2023-10-01,368,15,14,0,0,0
2023-10-01,208,0,22,0,0,1
2023-10-01,240,3,8,0,0,0
2023-10-01,202,3,2,0,0,0
2023-10-01,21,0,0,0,0,0
2023-09-30,229,2,2,0,0,0
2023-09-29,308,2,16,0,0,0
2023-09-29,503,2,24,0,0,1
2023-09-29,78,0,1,0,0,0
2023-09-29,32,1,0,0,0,0
2023-09-29,214,3,6,0,0,0
2023-09-29,225,1,12,0,0,0
2023-09-29,1352,18,6,0,0,0
2023-09-29,209,1,4,0,0,0
2023-09-29,505,1,5,0,0,0
2023-09-29,257,1,4,0,0,0
2023-09-28,1699,8,6,0,0,0
2023-09-28,939,1,5,0,0,0
2023-09-28,200,1,1,0,0,0
2023-09-28,258,5,6,0,0,0
2023-09-28,1836,1,19,0,0,0
2023-09-28,250,0,3,0,0,0
2023-09-28,74,0,0,0,0,0
2023-09-27,207,8,0,0,0,0
2023-09-27,63,2,4,0,0,0
2023-09-27,638,3,3,0,0,0
2023-09-27,210,1,2,0,0,0
2023-09-26,121920,240,191,0,0,1
2023-09-26,181,0,1,0,0,0
2023-09-26,216,3,6,0,0,0
2023-09-26,1499,2,4,0,0,0
2023-09-25,129,0,2,0,0,0
2023-09-25,331,6,8,0,0,3
2023-09-25,32,1,0,0,0,0
2023-09-24,82,1,3,0,0,0
2023-09-24,141,4,7,0,0,0
2023-09-24,327,2,3,0,0,0
2023-09-24,679,1,4,0,0,0
2023-09-24,252,4,2,0,0,0
2023-09-23,1915,2,1,0,0,0
2023-09-23,560,2,6,0,0,0
2023-09-23,41,3,0,0,0,0
2023-09-23,223,5,0,0,0,0
2023-09-23,47,0,1,0,0,0
2023-09-23,212,3,2,0,0,0
2023-09-22,27,0,0,0,0,0
2023-09-22,105,0,0,0,0,0
2023-09-22,298,0,4,0,0,2
2023-09-22,154,0,0,0,0,0
2023-09-21,211,0,3,0,0,0
2023-09-21,118,0,0,0,0,0
2023-09-21,189,11,13,0,0,0
2023-09-21,223,0,2,0,0,0
2023-09-21,1433,0,4,0,0,0
2023-09-21,657,1,1,0,0,0
2023-09-21,455,2,6,0,0,0
2023-09-21,455,2,6,0,0,0
2023-09-20,408,3,7,0,0,0
2023-09-19,213,1,1,0,0,0
2023-09-19,210,3,1,0,0,0
2023-09-19,208,2,1,0,0,0
2023-09-19,1354,5,9,0,0,0
2023-09-19,217,0,6,0,0,0
2023-09-18,531,1,4,0,0,0
2023-09-18,214,1,0,0,0,0
2023-09-18,4597,6,2,0,0,0
2023-09-17,56,1,0,1,0,0
2023-09-17,120,1,4,0,0,0
2023-09-17,252,5,1,0,0,0
2023-09-16,156,1,1,0,0,0
2023-09-16,551,2,8,0,0,0
2023-09-15,519,5,2,0,0,0
2023-09-14,1014,1,9,1,0,1
2023-09-13,140,4,17,0,0,1
2023-09-13,95,8,9,0,0,0
2023-09-12,1324,-16,10,0,0,0
2023-09-12,907,9,19,0,0,0
2023-09-12,255,4,4,0,0,0
2023-09-12,236,1,2,0,0,0
2023-09-11,205,13,24,0,0,0
2023-09-11,217,2,3,1,0,0
2023-09-11,518,26,45,0,0,0
2023-09-10,211,1,6,0,0,0
2023-09-10,163,2,0,0,0,0
2023-09-10,703,1,0,0,0,0
2023-09-09,136,1,0,0,0,0
2023-09-09,873,2,4,0,0,0
2023-09-09,142,1,0,0,0,0
2023-09-08,1766,8,11,0,0,0
2023-09-07,1534,0,7,0,0,0
2023-09-07,1694,8,5,0,0,0
2023-09-06,209,1,3,0,0,0
2023-09-06,461,0,2,1,0,0
2023-09-06,224,20,13,0,0,0
2023-09-06,823,5,5,0,0,0
2023-09-05,76,4,6,0,0,0
2023-09-05,217,2,5,0,0,1
2023-09-05,229,0,0,0,0,0
2023-09-04,210,0,1,0,0,0
2023-09-04,208,2,4,0,1,0
2023-09-04,61,0,0,0,0,0
2023-09-04,234,2,5,0,0,0
2023-09-04,249,3,3,0,1,1
2023-09-03,1019,3,14,0,0,0
2023-09-03,340,0,10,0,0,0
2023-09-02,809,1,3,0,0,0
2023-09-02,205,0,3,0,0,0
2023-09-02,133,2,1,0,0,0
2023-09-02,275,1,2,0,0,0
2023-09-02,958,3,5,0,0,0
2023-09-02,206,0,0,0,0,0
2023-09-01,121,0,0,0,0,0
2023-09-01,213,0,6,0,0,0
2023-09-01,3038,-19,9,0,0,0
2023-09-01,1739,4,0,0,0,0
2023-09-01,334,0,5,0,0,0
2023-09-01,1402,9,20,0,1,1
2023-09-01,1213,7,15,0,0,0
2023-09-01,121,1,0,0,0,0
2023-09-01,108,3,0,0,1,0
2023-09-01,399,0,19,0,0,0
2023-09-01,26,0,0,0,0,0
2023-09-01,683,2,2,0,0,0
2023-09-01,124,3,5,0,0,0
2023-09-01,1090,6,3,0,2,1
2023-09-01,196,2,1,0,0,0
2023-09-01,202,6,7,0,0,2
2023-09-01,763,2,4,0,0,0
2023-09-01,117909,439,313,0,1,3
2023-09-01,445,1,0,0,0,0
2023-09-01,3747,6,3,0,1,0
2023-08-31,397,13,1,0,0,0
2023-08-31,209,1,3,0,0,1
2023-08-31,1416,0,6,0,0,0
2023-08-31,235,5,8,0,0,0
2023-08-31,19229,77,42,0,14,4
2023-08-31,204,1,5,0,0,0
2023-08-31,137,2,0,0,0,0
2023-08-31,326,0,1,1,0,0
2023-08-31,278,1,5,0,0,0
2023-08-31,570,9,5,0,0,0
2023-08-31,61,1,1,0,0,0
2023-08-31,1625,1,9,0,0,0
2023-08-31,138,0,0,0,0,0
2023-08-31,830,3,7,0,1,0
2023-08-31,949,1,1,0,0,0
2023-08-31,264,0,2,0,0,0
2023-08-31,991,1,3,0,0,0
2023-08-31,1910,0,3,0,0,0
2023-08-31,317,3,4,0,1,0
2023-08-31,129,3,0,0,0,0
2023-08-31,433,3,8,0,1,0
2023-08-31,243,4,4,0,0,0
2023-08-31,176,0,0,0,0,0
2023-08-31,221,0,0,0,0,0
2023-08-31,209,2,1,0,2,0
2023-08-31,205,5,3,0,0,0
2023-08-31,198,1,4,0,0,0
2023-08-31,110,0,0,0,0,0
2023-08-31,196,2,2,0,0,0
2023-08-31,110,1,0,0,0,0
2023-08-31,440055,1678,316,0,0,0
2023-08-31,208,2,0,0,0,0
2023-08-31,124,0,0,0,0,0
2023-08-31,142,3,2,0,0,0
2023-08-31,72,0,0,0,0,0
2023-08-31,21,1,0,0,0,0
2023-08-31,201,1,1,0,0,0
2023-08-31,192,2,1,1,1,0
2023-08-31,192,2,1,1,1,0
2023-08-31,91,0,1,0,0,0
2023-08-31,172,0,0,1,1,0
2023-08-31,212,0,0,0,0,0
2023-08-28,677,2,1,0,0,0
2023-08-25,237,2,2,0,0,0
2023-08-25,782,8,4,0,0,0
2023-08-24,1853,10,7,1,0,0
2023-08-24,176,0,0,0,0,0
2023-08-19,102,0,0,0,0,0
2023-08-18,1555,0,7,0,0,0
2023-08-17,337,1,8,0,0,0
2023-08-17,130,3,1,0,0,0
2023-08-16,559,1,6,0,0,2
2023-08-16,168,2,0,0,1,0
2023-08-15,238,8,8,0,0,0
2023-08-15,2800,15,21,0,0,0
2023-08-14,247,6,0,0,0,0
2023-08-12,204,2,3,0,0,0
2023-08-10,236,1,3,0,0,0
2023-08-10,1900,1,2,0,0,0
2023-08-09,1110,8,4,0,0,0
2023-08-08,270,3,8,0,0,0
2023-08-07,155,0,0,0,1,0
2023-08-06,283,0,10,0,0,0
2023-08-05,158,1,0,0,0,0
2023-08-05,482,1,8,0,0,0
2023-08-04,332,2,1,0,4,0
2023-08-04,266,0,0,0,0,0
2023-08-03,8772,4,12,0,0,0
2023-08-03,939,10,10,0,1,3
2023-08-03,184,2,2,0,0,0
2023-08-01,186,0,0,0,0,0
2023-07-30,12564,61,43,0,0,0
2023-07-30,126,3,13,0,0,0
2023-07-27,169,0,2,0,0,0
2023-07-26,720,4,2,0,0,0
2023-07-23,926,5,2,0,0,0
2023-07-21,147,1,8,0,0,0
2023-07-19,637,0,2,0,0,0
2023-07-18,1207,9,13,0,0,0
2023-07-17,4345,8,1,0,0,0
2023-07-16,104,1,0,0,0,0
2023-07-15,1112,4,8,0,0,0
2023-07-15,4244,2,13,0,0,0
2023-07-14,215,2,6,0,0,0
2023-07-13,167,3,1,0,0,0
2023-07-13,197,0,7,0,0,0
2023-07-13,203,0,7,0,0,0
2023-07-13,1835,2,12,0,0,0
2023-07-13,1897,1,3,0,0,0
2023-07-13,200,2,1,1,0,0
2023-07-12,204,2,6,1,0,0
2023-07-10,232,-12,0,0,0,0
2023-07-08,145,1,5,0,0,0
2023-07-08,711,3,1,0,0,0
2023-07-08,7299,74,38,0,0,0
2023-07-05,239,4,3,0,0,1
2023-07-03,1166,1,4,1,0,0
2023-07-03,766,1,11,1,1,0
2023-07-03,1626,4,10,0,0,0
2023-07-03,1626,4,10,0,0,0
2023-07-02,221,1,6,0,0,0
2023-07-02,222,1,4,1,0,0
2023-07-01,260,2,0,0,0,0
2023-07-01,1904,3,11,0,0,0
2023-07-01,202,0,6,0,0,0
2023-07-01,669,0,20,0,0,0
2023-06-30,22254,74,73,0,0,0
2023-06-29,46,0,0,0,0,0
2023-06-29,1103,2,6,0,0,0
2023-06-28,81,3,0,0,0,0
2023-06-28,265,1,1,0,0,0
2023-06-24,343,1,8,0,0,0
2023-06-24,18827,72,42,0,0,0
2023-06-23,242,1,6,0,0,0
2023-06-23,1235,0,9,1,1,1
2023-06-20,237,7,14,0,0,0
2023-06-20,219,2,3,0,0,0
2023-06-17,243,1,0,0,0,0
2023-06-15,2280,0,1,0,0,0
2023-06-15,94,0,0,0,0,0
2023-06-15,2640,0,1,0,0,0
2023-06-15,50,0,0,0,0,0
2023-06-15,2105,4,4,0,2,0
2023-06-15,202,0,2,0,0,0
2023-06-14,209,3,1,0,0,0
2023-06-13,1064,2,10,0,1,0
2023-06-13,465,2,6,0,0,0
2023-06-12,850,2,2,0,0,0
2023-06-12,1602,6,14,0,1,0
2023-06-12,97,0,0,0,0,0
2023-06-12,24680,70,65,0,0,0
2023-06-11,1680,5,2,0,0,0
2023-06-11,1236,0,9,0,0,0
2023-06-10,248,0,2,0,0,0
2023-06-07,185,4,6,0,0,0
2023-06-07,126,1,1,0,0,0
2023-06-05,649,0,3,0,0,0
2023-06-05,216,7,5,0,0,0
2023-06-04,2201,1,8,0,0,0
2023-06-03,990,0,3,0,0,0
2023-06-03,49,0,0,0,0,0
2023-06-03,6510,2,28,0,0,4
2023-06-02,222,2,0,0,0,0
2023-06-01,232,0,1,0,0,0
2023-06-01,519,0,10,1,0,1
2023-05-31,974,1,4,0,0,0
2023-05-30,242,2,0,0,0,0
2023-05-28,220,0,1,0,0,0
2023-05-27,220,0,5,0,1,0
2023-05-26,71,3,5,0,0,0
2023-05-26,1381,3,3,0,0,0
2023-05-26,19912,31,14,0,0,0
2023-05-26,97,0,0,0,0,0
2023-05-25,231,0,0,0,0,0
